{"cameraMode":{"drawMode":0,"name":"Shaded","section":"Shading Mode"},"sceneLighting":false,"audioPlay":false,"sceneViewState":{"m_AlwaysRefresh":false,"showFog":true,"showSkybox":false,"showFlares":true,"showImageEffects":true,"showParticleSystems":true,"showVisualEffectGraphs":true,"m_FxEnabled":true},"in2DMode":false,"pivot":{"x":556.2103881835938,"y":304.8852233886719,"z":-475.6219787597656},"rotation":{"x":0.03197842091321945,"y":0.004029480274766684,"z":0.0003453836834523827,"w":0.9995172023773193},"size":7.244753360748291,"orthographic":false}