{"cameraMode":{"drawMode":0,"name":"Shaded","section":"Shading Mode"},"sceneLighting":false,"audioPlay":false,"sceneViewState":{"m_AlwaysRefresh":false,"showFog":true,"showSkybox":false,"showFlares":true,"showImageEffects":true,"showParticleSystems":true,"showVisualEffectGraphs":true,"m_FxEnabled":true},"in2DMode":false,"pivot":{"x":1.5708867311477662,"y":5.408773422241211,"z":-14.085564613342286},"rotation":{"x":-0.11125124990940094,"y":-0.0019589276053011419,"z":-0.0002650744572747499,"w":-0.9938024878501892},"size":0.33771517872810366,"orthographic":false}